{"cameraMode":{"drawMode":0,"name":"Shaded","section":"Shading Mode"},"sceneLighting":true,"audioPlay":false,"sceneViewState":{"m_AlwaysRefresh":false,"showFog":true,"showSkybox":true,"showFlares":true,"showImageEffects":true,"showParticleSystems":true,"showVisualEffectGraphs":true,"m_FxEnabled":true},"in2DMode":false,"pivot":{"x":188.9517059326172,"y":37.559104919433597,"z":192.6293182373047},"rotation":{"x":-0.04961005598306656,"y":-0.9486232399940491,"z":0.23873290419578553,"w":-0.20165897905826569},"size":1.1320172548294068,"orthographic":false}